{"cameraMode":{"drawMode":0,"name":"Shaded","section":"Shading Mode"},"sceneLighting":true,"audioPlay":false,"sceneViewState":{"m_AlwaysRefresh":false,"showFog":true,"showSkybox":true,"showFlares":true,"showImageEffects":true,"showParticleSystems":true,"showVisualEffectGraphs":true,"m_FxEnabled":true},"in2DMode":false,"pivot":{"x":3.054990530014038,"y":2.293482542037964,"z":-1.0668861865997315},"rotation":{"x":-0.007063467055559158,"y":-0.9863454699516296,"z":0.15877096354961396,"w":-0.043824050575494769},"size":7.403328895568848,"orthographic":false}