{"cameraMode":{"drawMode":0,"name":"Shaded","section":"Shading Mode"},"sceneLighting":true,"audioPlay":false,"sceneViewState":{"m_AlwaysRefresh":false,"showFog":true,"showSkybox":true,"showFlares":true,"showImageEffects":true,"showParticleSystems":true,"showVisualEffectGraphs":true,"m_FxEnabled":true},"in2DMode":false,"pivot":{"x":-3.1400842666625978,"y":1.1823360919952393,"z":-3.7208809852600099},"rotation":{"x":-0.10190502554178238,"y":-0.8336069583892822,"z":0.16412077844142915,"w":-0.5175352692604065},"size":6.738348007202148,"orthographic":false}