{"cameraMode":{"drawMode":0,"name":"Shaded","section":"Shading Mode"},"sceneLighting":true,"audioPlay":false,"sceneViewState":{"m_AlwaysRefresh":false,"showFog":true,"showSkybox":true,"showFlares":true,"showImageEffects":true,"showParticleSystems":true,"showVisualEffectGraphs":true,"m_FxEnabled":true},"in2DMode":false,"pivot":{"x":431.1370849609375,"y":246.98202514648438,"z":344.92462158203127},"rotation":{"x":-0.0008217350696213543,"y":-0.9972781538963318,"z":0.07374363392591477,"w":-0.011680232360959053},"size":69.99067687988281,"orthographic":false}