{"cameraMode":{"drawMode":0,"name":"Shaded","section":"Shading Mode"},"sceneLighting":true,"audioPlay":false,"sceneViewState":{"m_AlwaysRefresh":false,"showFog":true,"showSkybox":true,"showFlares":true,"showImageEffects":true,"showParticleSystems":true,"showVisualEffectGraphs":true,"m_FxEnabled":true},"in2DMode":false,"pivot":{"x":497.9263000488281,"y":108.62112426757813,"z":68.1831283569336},"rotation":{"x":0.2825428247451782,"y":0.07389998435974121,"z":-0.022294705733656884,"w":0.9561792612075806},"size":213.94232177734376,"orthographic":false}