{"cameraMode":{"drawMode":0,"name":"Shaded","section":"Shading Mode"},"sceneLighting":true,"audioPlay":false,"sceneViewState":{"m_AlwaysRefresh":false,"showFog":true,"showSkybox":true,"showFlares":true,"showImageEffects":true,"showParticleSystems":true,"showVisualEffectGraphs":true,"m_FxEnabled":true},"in2DMode":false,"pivot":{"x":16.57268524169922,"y":1.3992290496826172,"z":12.449399948120118},"rotation":{"x":0.12175525724887848,"y":-0.6162936091423035,"z":0.0965702161192894,"w":0.7722827196121216},"size":2.6222856044769289,"orthographic":false}