{"cameraMode":{"drawMode":0,"name":"Shaded","section":"Shading Mode"},"sceneLighting":true,"audioPlay":false,"sceneViewState":{"m_AlwaysRefresh":false,"showFog":true,"showSkybox":true,"showFlares":true,"showImageEffects":true,"showParticleSystems":true,"showVisualEffectGraphs":true,"m_FxEnabled":true},"in2DMode":false,"pivot":{"x":-0.17653977870941163,"y":-0.05947983264923096,"z":4.149231433868408},"rotation":{"x":0.1487695574760437,"y":0.033511217683553699,"z":-0.005045783706009388,"w":0.9882956147193909},"size":25.631343841552736,"orthographic":false}